{
    "error": 0,
    "status": "success",
    "date": "2016-08-19",
    "results": [
        {
            "currentCity": "太原",
            "pm25": "38",
            "index": [
                {
                    "title": "穿衣",
                    "zs": "热",
                    "tipt": "穿衣指数",
                    "des": "天气热，建议着短裙、短裤、短薄外套、T恤等夏季服装。"
                },
                {
                    "title": "洗车",
                    "zs": "较适宜",
                    "tipt": "洗车指数",
                    "des": "较适宜洗车，未来一天无雨，风力较小，擦洗一新的汽车至少能保持一天。"
                },
                {
                    "title": "旅游",
                    "zs": "适宜",
                    "tipt": "旅游指数",
                    "des": "天气较好，但丝毫不会影响您出行的心情。温度适宜又有微风相伴，适宜旅游。"
                },
                {
                    "title": "感冒",
                    "zs": "少发",
                    "tipt": "感冒指数",
                    "des": "各项气象条件适宜，无明显降温过程，发生感冒机率较低。"
                },
                {
                    "title": "运动",
                    "zs": "较适宜",
                    "tipt": "运动指数",
                    "des": "天气较好，户外运动请注意防晒。推荐您进行室内运动。"
                },
                {
                    "title": "紫外线强度",
                    "zs": "弱",
                    "tipt": "紫外线强度指数",
                    "des": "紫外线强度较弱，建议出门前涂擦SPF在12-15之间、PA+的防晒护肤品。"
                }
            ],
            "weather_data": [
                {
                    "date": "周五 08月19日 (实时：24℃)",
                    "dayPictureUrl": "http://api.map.baidu.com/images/weather/day/duoyun.png",
                    "nightPictureUrl": "http://api.map.baidu.com/images/weather/night/duoyun.png",
                    "weather": "多云",
                    "wind": "微风",
                    "temperature": "29 ~ 20℃"
                },
                {
                    "date": "周六",
                    "dayPictureUrl": "http://api.map.baidu.com/images/weather/day/zhenyu.png",
                    "nightPictureUrl": "http://api.map.baidu.com/images/weather/night/duoyun.png",
                    "weather": "阵雨转多云",
                    "wind": "微风",
                    "temperature": "28 ~ 20℃"
                },
                {
                    "date": "周日",
                    "dayPictureUrl": "http://api.map.baidu.com/images/weather/day/duoyun.png",
                    "nightPictureUrl": "http://api.map.baidu.com/images/weather/night/duoyun.png",
                    "weather": "多云",
                    "wind": "微风",
                    "temperature": "30 ~ 21℃"
                },
                {
                    "date": "周一",
                    "dayPictureUrl": "http://api.map.baidu.com/images/weather/day/duoyun.png",
                    "nightPictureUrl": "http://api.map.baidu.com/images/weather/night/duoyun.png",
                    "weather": "多云",
                    "wind": "微风",
                    "temperature": "30 ~ 20℃"
                }
            ]
        }
    ]
}